ALTER TABLE [dbo].[User] NOCHECK CONSTRAINT ALL
ALTER TABLE [dbo].[CardSetting] NOCHECK CONSTRAINT ALL

    SET IDENTITY_INSERT [dbo].[User] ON
    INSERT [dbo].[User] ([Id], [UserName], [NormalizedUserName], [Email], [NormalizedEmail], [EmailConfirmed], [PasswordHash], [SecurityStamp], [ConcurrencyStamp], [PhoneNumber], [PhoneNumberConfirmed], [TwoFactorEnabled], [LockoutEnd], [LockoutEnabled], [AccessFailedCount], [DisplayName], [DefaultCardSettingId], [ShowNextReviewTime], [ShowRemainingCardCount], [MixNewAndReview], [NextDayStartsAtXHoursPastMidnight], [LearnAheadLimitInMinutes], [TimeboxTimeLimitInMinutes], [IsNightMode]) VALUES (4, N'alex@x.com', N'ALEX@X.COM', N'alex@x.com', N'ALEX@X.COM', 0, N'AQAAAAEAACcQAAAAEIW8pX2hNWqS9DqYOlFsJl4s1vn69f5nkeIbyvyfPRjEsHSNU1D8uKtjPWDxqEoZhA==', N'S5IZNOM4XHK3PEXRTL6ESUS65B7OB2KR', N'115c3676-a201-4add-9341-26a11d136b76', NULL, 0, 0, NULL, 1, 0, N'alex', 4, 0, 0, 0, 0, 0, 0, 0)
    INSERT [dbo].[User] ([Id], [UserName], [NormalizedUserName], [Email], [NormalizedEmail], [EmailConfirmed], [PasswordHash], [SecurityStamp], [ConcurrencyStamp], [PhoneNumber], [PhoneNumberConfirmed], [TwoFactorEnabled], [LockoutEnd], [LockoutEnabled], [AccessFailedCount], [DisplayName], [DefaultCardSettingId], [ShowNextReviewTime], [ShowRemainingCardCount], [MixNewAndReview], [NextDayStartsAtXHoursPastMidnight], [LearnAheadLimitInMinutes], [TimeboxTimeLimitInMinutes], [IsNightMode]) VALUES (5, N'heidi@x.com', N'HEIDI@X.COM', N'heidi@x.com', N'HEIDI@X.COM', 0, N'AQAAAAEAACcQAAAAEKrqCjqDBMl89xalDqDU15imzMSSXJC0VMkCJQM7eYdWmBeqik7wcKPrsyiAEa2AKQ==', N'P23LSJNLLDIX7IYXQ4BHOBOWYLU4VB66', N'0e3d7a17-2465-4419-a460-2add279e48d7', NULL, 0, 0, NULL, 1, 0, N'heidi', 5, 0, 0, 0, 0, 0, 0, 0)
    INSERT [dbo].[User] ([Id], [UserName], [NormalizedUserName], [Email], [NormalizedEmail], [EmailConfirmed], [PasswordHash], [SecurityStamp], [ConcurrencyStamp], [PhoneNumber], [PhoneNumberConfirmed], [TwoFactorEnabled], [LockoutEnd], [LockoutEnabled], [AccessFailedCount], [DisplayName], [DefaultCardSettingId], [ShowNextReviewTime], [ShowRemainingCardCount], [MixNewAndReview], [NextDayStartsAtXHoursPastMidnight], [LearnAheadLimitInMinutes], [TimeboxTimeLimitInMinutes], [IsNightMode]) VALUES (6, N'nina@x.com', N'NINA@X.COM', N'nina@x.com', N'NINA@X.COM', 0, N'AQAAAAEAACcQAAAAEOBjY9ig3HYl0OQxpHiMNyz0Eup7gnMWSxJpSpkW0l8+FDnZ9hOseZENsHi+6RxUjA==', N'OLFYCZJNLSP2XWD5YLJZPO4FVOZEHU4B', N'0a952d91-a174-4016-8724-c6353d8888a7', NULL, 0, 0, NULL, 1, 0, N'nina', 6, 0, 0, 0, 0, 0, 0, 0)
    INSERT [dbo].[User] ([Id], [UserName], [NormalizedUserName], [Email], [NormalizedEmail], [EmailConfirmed], [PasswordHash], [SecurityStamp], [ConcurrencyStamp], [PhoneNumber], [PhoneNumberConfirmed], [TwoFactorEnabled], [LockoutEnd], [LockoutEnabled], [AccessFailedCount], [DisplayName], [DefaultCardSettingId], [ShowNextReviewTime], [ShowRemainingCardCount], [MixNewAndReview], [NextDayStartsAtXHoursPastMidnight], [LearnAheadLimitInMinutes], [TimeboxTimeLimitInMinutes], [IsNightMode]) VALUES (7, N'alison@x.com', N'ALISON@X.COM', N'alison@x.com', N'ALISON@X.COM', 0, N'AQAAAAEAACcQAAAAEEsmfjIluVokb9A0VWdPQtnr5J12YbeXjv85ALskejqfacyBI8VK1J86t7bnOkEzFg==', N'KCZIXT2VPKT6T6WWIGIXKRU6IMHYO6G4', N'0600da6c-66d6-4606-8674-80f1e1fca93d', NULL, 0, 0, NULL, 1, 0, N'alison', 7, 0, 0, 0, 0, 0, 0, 0)
    INSERT [dbo].[User] ([Id], [UserName], [NormalizedUserName], [Email], [NormalizedEmail], [EmailConfirmed], [PasswordHash], [SecurityStamp], [ConcurrencyStamp], [PhoneNumber], [PhoneNumberConfirmed], [TwoFactorEnabled], [LockoutEnd], [LockoutEnabled], [AccessFailedCount], [DisplayName], [DefaultCardSettingId], [ShowNextReviewTime], [ShowRemainingCardCount], [MixNewAndReview], [NextDayStartsAtXHoursPastMidnight], [LearnAheadLimitInMinutes], [TimeboxTimeLimitInMinutes], [IsNightMode]) VALUES (8, N'mark@x.com', N'MARK@X.COM', N'mark@x.com', N'MARK@X.COM', 0, N'AQAAAAEAACcQAAAAEK2VdInqQu9e8ktcR7wg/EckG9x8VTzO6pZRNUWUa1XKsFv7wxYWf6Ef8/r4GnidMg==', N'RA7RT66WQDXNWOF5HEL5K7JOMRFET3OO', N'f5d798aa-879e-4562-9fc4-f2c259a52a7b', NULL, 0, 0, NULL, 1, 0, N'mark', 8, 0, 0, 0, 0, 0, 0, 0)
    INSERT [dbo].[User] ([Id], [UserName], [NormalizedUserName], [Email], [NormalizedEmail], [EmailConfirmed], [PasswordHash], [SecurityStamp], [ConcurrencyStamp], [PhoneNumber], [PhoneNumberConfirmed], [TwoFactorEnabled], [LockoutEnd], [LockoutEnabled], [AccessFailedCount], [DisplayName], [DefaultCardSettingId], [ShowNextReviewTime], [ShowRemainingCardCount], [MixNewAndReview], [NextDayStartsAtXHoursPastMidnight], [LearnAheadLimitInMinutes], [TimeboxTimeLimitInMinutes], [IsNightMode]) VALUES (9, N'caren@x.com', N'CAREN@X.COM', N'caren@x.com', N'CAREN@X.COM', 0, N'AQAAAAEAACcQAAAAEO85HG0sK9R4lvNbWg/d/3R9VbEG3LsByQ5+MuHqEfuiuHC1wzWmIOSIIImw09tS3Q==', N'NRH4XA57LOM4WDYDSPU6NUTF4UUVJO4T', N'b9479f83-e2c9-4f13-8374-674ba39706c3', NULL, 0, 0, NULL, 1, 0, N'caren', 9, 0, 0, 0, 0, 0, 0, 0)
    INSERT [dbo].[User] ([Id], [UserName], [NormalizedUserName], [Email], [NormalizedEmail], [EmailConfirmed], [PasswordHash], [SecurityStamp], [ConcurrencyStamp], [PhoneNumber], [PhoneNumberConfirmed], [TwoFactorEnabled], [LockoutEnd], [LockoutEnabled], [AccessFailedCount], [DisplayName], [DefaultCardSettingId], [ShowNextReviewTime], [ShowRemainingCardCount], [MixNewAndReview], [NextDayStartsAtXHoursPastMidnight], [LearnAheadLimitInMinutes], [TimeboxTimeLimitInMinutes], [IsNightMode]) VALUES (10, N'christine@x.com', N'CHRISTINE@X.COM', N'christine@x.com', N'CHRISTINE@X.COM', 0, N'AQAAAAEAACcQAAAAEB4KjJvsPlESRcXaqQhpBeHLsiIi0co8qzqRx71YFJbOGMRgGCbSYbuvOdoEh3LgBA==', N'AGVSKJE3DMROA2VTPCM245IPMORB37SY', N'b4d69573-2994-42d9-bd96-2bcb43c80e52', NULL, 0, 0, NULL, 1, 0, N'christine', 10, 0, 0, 0, 0, 0, 0, 0)
    INSERT [dbo].[User] ([Id], [UserName], [NormalizedUserName], [Email], [NormalizedEmail], [EmailConfirmed], [PasswordHash], [SecurityStamp], [ConcurrencyStamp], [PhoneNumber], [PhoneNumberConfirmed], [TwoFactorEnabled], [LockoutEnd], [LockoutEnabled], [AccessFailedCount], [DisplayName], [DefaultCardSettingId], [ShowNextReviewTime], [ShowRemainingCardCount], [MixNewAndReview], [NextDayStartsAtXHoursPastMidnight], [LearnAheadLimitInMinutes], [TimeboxTimeLimitInMinutes], [IsNightMode]) VALUES (11, N'lucas@x.com', N'LUCAS@X.COM', N'lucas@x.com', N'LUCAS@X.COM', 0, N'AQAAAAEAACcQAAAAEHtTjdLpWShOLOyBeOhxp4KdBIrG5swIL7PI95JwK5nKYIlu80GVAkYFFq4apb9nGw==', N'3JHPYKK2PGOWMHU4UFGJ44YK47GAPMGQ', N'1f89a149-a78c-4efc-b51d-f5d40b3cf73d', NULL, 0, 0, NULL, 1, 0, N'lucas', 11, 0, 0, 0, 0, 0, 0, 0)
    INSERT [dbo].[User] ([Id], [UserName], [NormalizedUserName], [Email], [NormalizedEmail], [EmailConfirmed], [PasswordHash], [SecurityStamp], [ConcurrencyStamp], [PhoneNumber], [PhoneNumberConfirmed], [TwoFactorEnabled], [LockoutEnd], [LockoutEnabled], [AccessFailedCount], [DisplayName], [DefaultCardSettingId], [ShowNextReviewTime], [ShowRemainingCardCount], [MixNewAndReview], [NextDayStartsAtXHoursPastMidnight], [LearnAheadLimitInMinutes], [TimeboxTimeLimitInMinutes], [IsNightMode]) VALUES (12, N'mattics@x.com', N'MATTICS@X.COM', N'mattics@x.com', N'MATTICS@X.COM', 0, N'AQAAAAEAACcQAAAAEKE6QxwiGVArPr6DB5PauXLKoxqGqIw8s1f0dDLWC44PewMymHf9AgtE3B6162LNOg==', N'EXEZAQMYRKBL7R2HLVA2HR3MSTB676JO', N'1f99ce25-1dc9-4084-a747-789e6e3e6a2f', NULL, 0, 0, NULL, 1, 0, N'mattics', 12, 0, 0, 0, 0, 0, 0, 0)
    INSERT [dbo].[User] ([Id], [UserName], [NormalizedUserName], [Email], [NormalizedEmail], [EmailConfirmed], [PasswordHash], [SecurityStamp], [ConcurrencyStamp], [PhoneNumber], [PhoneNumberConfirmed], [TwoFactorEnabled], [LockoutEnd], [LockoutEnabled], [AccessFailedCount], [DisplayName], [DefaultCardSettingId], [ShowNextReviewTime], [ShowRemainingCardCount], [MixNewAndReview], [NextDayStartsAtXHoursPastMidnight], [LearnAheadLimitInMinutes], [TimeboxTimeLimitInMinutes], [IsNightMode]) VALUES (13, N'oliver@x.com', N'OLIVER@X.COM', N'oliver@x.com', N'OLIVER@X.COM', 0, N'AQAAAAEAACcQAAAAEK5WhlNRsm0WApaULrhbNT3Te6A7vFjdPY0/YAR1iWoaEM51a8j/WfeyHIs0uPNS6g==', N'VKNOXFVXFONECXB7EBEGF2AAZ7WCBQGF', N'7757e3bc-11a7-4ecc-8b52-2cad9efe1244', NULL, 0, 0, NULL, 1, 0, N'oliver', 13, 0, 0, 0, 0, 0, 0, 0)
    SET IDENTITY_INSERT [dbo].[User] OFF

    SET IDENTITY_INSERT [dbo].[CardSetting] ON
    INSERT [dbo].[CardSetting] ([Id], [UserId], [Name], [NewCardsStepsInMinutes], [NewCardsMaxPerDay], [NewCardsGraduatingIntervalInDays], [NewCardsEasyIntervalInDays], [NewCardsStartingEaseFactorInPermille], [NewCardsBuryRelated], [MatureCardsMaxPerDay], [MatureCardsEaseFactorEasyBonusFactorInPermille], [MatureCardsIntervalFactorInPermille], [MatureCardsMaximumIntervalInDays], [MatureCardsHardIntervalFactorInPermille], [MatureCardsBuryRelated], [LapsedCardsStepsInMinutes], [LapsedCardsNewIntervalFactorInPermille], [LapsedCardsMinimumIntervalInDays], [LapsedCardsLeechThreshold], [ShowAnswerTimer], [AutomaticallyPlayAudio], [ReplayQuestionAudioOnAnswer]) VALUES (4, 4, N'Default', N'1 10', 20, 1, 4, 2500, 1, 200, 1300, 1000, 32767, 1200, 1, N'10', 0, 1, 8, 0, 0, 0)
    INSERT [dbo].[CardSetting] ([Id], [UserId], [Name], [NewCardsStepsInMinutes], [NewCardsMaxPerDay], [NewCardsGraduatingIntervalInDays], [NewCardsEasyIntervalInDays], [NewCardsStartingEaseFactorInPermille], [NewCardsBuryRelated], [MatureCardsMaxPerDay], [MatureCardsEaseFactorEasyBonusFactorInPermille], [MatureCardsIntervalFactorInPermille], [MatureCardsMaximumIntervalInDays], [MatureCardsHardIntervalFactorInPermille], [MatureCardsBuryRelated], [LapsedCardsStepsInMinutes], [LapsedCardsNewIntervalFactorInPermille], [LapsedCardsMinimumIntervalInDays], [LapsedCardsLeechThreshold], [ShowAnswerTimer], [AutomaticallyPlayAudio], [ReplayQuestionAudioOnAnswer]) VALUES (5, 5, N'Default', N'1 10', 20, 1, 4, 2500, 1, 200, 1300, 1000, 32767, 1200, 1, N'10', 0, 1, 8, 0, 0, 0)
    INSERT [dbo].[CardSetting] ([Id], [UserId], [Name], [NewCardsStepsInMinutes], [NewCardsMaxPerDay], [NewCardsGraduatingIntervalInDays], [NewCardsEasyIntervalInDays], [NewCardsStartingEaseFactorInPermille], [NewCardsBuryRelated], [MatureCardsMaxPerDay], [MatureCardsEaseFactorEasyBonusFactorInPermille], [MatureCardsIntervalFactorInPermille], [MatureCardsMaximumIntervalInDays], [MatureCardsHardIntervalFactorInPermille], [MatureCardsBuryRelated], [LapsedCardsStepsInMinutes], [LapsedCardsNewIntervalFactorInPermille], [LapsedCardsMinimumIntervalInDays], [LapsedCardsLeechThreshold], [ShowAnswerTimer], [AutomaticallyPlayAudio], [ReplayQuestionAudioOnAnswer]) VALUES (6, 6, N'Default', N'1 10', 20, 1, 4, 2500, 1, 200, 1300, 1000, 32767, 1200, 1, N'10', 0, 1, 8, 0, 0, 0)
    INSERT [dbo].[CardSetting] ([Id], [UserId], [Name], [NewCardsStepsInMinutes], [NewCardsMaxPerDay], [NewCardsGraduatingIntervalInDays], [NewCardsEasyIntervalInDays], [NewCardsStartingEaseFactorInPermille], [NewCardsBuryRelated], [MatureCardsMaxPerDay], [MatureCardsEaseFactorEasyBonusFactorInPermille], [MatureCardsIntervalFactorInPermille], [MatureCardsMaximumIntervalInDays], [MatureCardsHardIntervalFactorInPermille], [MatureCardsBuryRelated], [LapsedCardsStepsInMinutes], [LapsedCardsNewIntervalFactorInPermille], [LapsedCardsMinimumIntervalInDays], [LapsedCardsLeechThreshold], [ShowAnswerTimer], [AutomaticallyPlayAudio], [ReplayQuestionAudioOnAnswer]) VALUES (7, 7, N'Default', N'1 10', 20, 1, 4, 2500, 1, 200, 1300, 1000, 32767, 1200, 1, N'10', 0, 1, 8, 0, 0, 0)
    INSERT [dbo].[CardSetting] ([Id], [UserId], [Name], [NewCardsStepsInMinutes], [NewCardsMaxPerDay], [NewCardsGraduatingIntervalInDays], [NewCardsEasyIntervalInDays], [NewCardsStartingEaseFactorInPermille], [NewCardsBuryRelated], [MatureCardsMaxPerDay], [MatureCardsEaseFactorEasyBonusFactorInPermille], [MatureCardsIntervalFactorInPermille], [MatureCardsMaximumIntervalInDays], [MatureCardsHardIntervalFactorInPermille], [MatureCardsBuryRelated], [LapsedCardsStepsInMinutes], [LapsedCardsNewIntervalFactorInPermille], [LapsedCardsMinimumIntervalInDays], [LapsedCardsLeechThreshold], [ShowAnswerTimer], [AutomaticallyPlayAudio], [ReplayQuestionAudioOnAnswer]) VALUES (8, 8, N'Default', N'1 10', 20, 1, 4, 2500, 1, 200, 1300, 1000, 32767, 1200, 1, N'10', 0, 1, 8, 0, 0, 0)
    INSERT [dbo].[CardSetting] ([Id], [UserId], [Name], [NewCardsStepsInMinutes], [NewCardsMaxPerDay], [NewCardsGraduatingIntervalInDays], [NewCardsEasyIntervalInDays], [NewCardsStartingEaseFactorInPermille], [NewCardsBuryRelated], [MatureCardsMaxPerDay], [MatureCardsEaseFactorEasyBonusFactorInPermille], [MatureCardsIntervalFactorInPermille], [MatureCardsMaximumIntervalInDays], [MatureCardsHardIntervalFactorInPermille], [MatureCardsBuryRelated], [LapsedCardsStepsInMinutes], [LapsedCardsNewIntervalFactorInPermille], [LapsedCardsMinimumIntervalInDays], [LapsedCardsLeechThreshold], [ShowAnswerTimer], [AutomaticallyPlayAudio], [ReplayQuestionAudioOnAnswer]) VALUES (9, 9, N'Default', N'1 10', 20, 1, 4, 2500, 1, 200, 1300, 1000, 32767, 1200, 1, N'10', 0, 1, 8, 0, 0, 0)
    INSERT [dbo].[CardSetting] ([Id], [UserId], [Name], [NewCardsStepsInMinutes], [NewCardsMaxPerDay], [NewCardsGraduatingIntervalInDays], [NewCardsEasyIntervalInDays], [NewCardsStartingEaseFactorInPermille], [NewCardsBuryRelated], [MatureCardsMaxPerDay], [MatureCardsEaseFactorEasyBonusFactorInPermille], [MatureCardsIntervalFactorInPermille], [MatureCardsMaximumIntervalInDays], [MatureCardsHardIntervalFactorInPermille], [MatureCardsBuryRelated], [LapsedCardsStepsInMinutes], [LapsedCardsNewIntervalFactorInPermille], [LapsedCardsMinimumIntervalInDays], [LapsedCardsLeechThreshold], [ShowAnswerTimer], [AutomaticallyPlayAudio], [ReplayQuestionAudioOnAnswer]) VALUES (10, 10, N'Default', N'1 10', 20, 1, 4, 2500, 1, 200, 1300, 1000, 32767, 1200, 1, N'10', 0, 1, 8, 0, 0, 0)
    INSERT [dbo].[CardSetting] ([Id], [UserId], [Name], [NewCardsStepsInMinutes], [NewCardsMaxPerDay], [NewCardsGraduatingIntervalInDays], [NewCardsEasyIntervalInDays], [NewCardsStartingEaseFactorInPermille], [NewCardsBuryRelated], [MatureCardsMaxPerDay], [MatureCardsEaseFactorEasyBonusFactorInPermille], [MatureCardsIntervalFactorInPermille], [MatureCardsMaximumIntervalInDays], [MatureCardsHardIntervalFactorInPermille], [MatureCardsBuryRelated], [LapsedCardsStepsInMinutes], [LapsedCardsNewIntervalFactorInPermille], [LapsedCardsMinimumIntervalInDays], [LapsedCardsLeechThreshold], [ShowAnswerTimer], [AutomaticallyPlayAudio], [ReplayQuestionAudioOnAnswer]) VALUES (11, 11, N'Default', N'1 10', 20, 1, 4, 2500, 1, 200, 1300, 1000, 32767, 1200, 1, N'10', 0, 1, 8, 0, 0, 0)
    INSERT [dbo].[CardSetting] ([Id], [UserId], [Name], [NewCardsStepsInMinutes], [NewCardsMaxPerDay], [NewCardsGraduatingIntervalInDays], [NewCardsEasyIntervalInDays], [NewCardsStartingEaseFactorInPermille], [NewCardsBuryRelated], [MatureCardsMaxPerDay], [MatureCardsEaseFactorEasyBonusFactorInPermille], [MatureCardsIntervalFactorInPermille], [MatureCardsMaximumIntervalInDays], [MatureCardsHardIntervalFactorInPermille], [MatureCardsBuryRelated], [LapsedCardsStepsInMinutes], [LapsedCardsNewIntervalFactorInPermille], [LapsedCardsMinimumIntervalInDays], [LapsedCardsLeechThreshold], [ShowAnswerTimer], [AutomaticallyPlayAudio], [ReplayQuestionAudioOnAnswer]) VALUES (12, 12, N'Default', N'1 10', 20, 1, 4, 2500, 1, 200, 1300, 1000, 32767, 1200, 1, N'10', 0, 1, 8, 0, 0, 0)
    INSERT [dbo].[CardSetting] ([Id], [UserId], [Name], [NewCardsStepsInMinutes], [NewCardsMaxPerDay], [NewCardsGraduatingIntervalInDays], [NewCardsEasyIntervalInDays], [NewCardsStartingEaseFactorInPermille], [NewCardsBuryRelated], [MatureCardsMaxPerDay], [MatureCardsEaseFactorEasyBonusFactorInPermille], [MatureCardsIntervalFactorInPermille], [MatureCardsMaximumIntervalInDays], [MatureCardsHardIntervalFactorInPermille], [MatureCardsBuryRelated], [LapsedCardsStepsInMinutes], [LapsedCardsNewIntervalFactorInPermille], [LapsedCardsMinimumIntervalInDays], [LapsedCardsLeechThreshold], [ShowAnswerTimer], [AutomaticallyPlayAudio], [ReplayQuestionAudioOnAnswer]) VALUES (13, 13, N'Default', N'1 10', 20, 1, 4, 2500, 1, 200, 1300, 1000, 32767, 1200, 1, N'10', 0, 1, 8, 0, 0, 0)
    SET IDENTITY_INSERT [dbo].[CardSetting] OFF

ALTER TABLE [dbo].[User] WITH CHECK CHECK CONSTRAINT ALL
ALTER TABLE [dbo].[CardSetting] WITH CHECK CHECK CONSTRAINT ALL

SET IDENTITY_INSERT [dbo].[Filter] ON 
INSERT [dbo].[Filter] ([Id], [Name], [UserId], [Query]) VALUES (1, N'All', 4, N'')
INSERT [dbo].[Filter] ([Id], [Name], [UserId], [Query]) VALUES (2, N'All', 5, N'')
INSERT [dbo].[Filter] ([Id], [Name], [UserId], [Query]) VALUES (3, N'All', 6, N'')
INSERT [dbo].[Filter] ([Id], [Name], [UserId], [Query]) VALUES (4, N'All', 7, N'')
INSERT [dbo].[Filter] ([Id], [Name], [UserId], [Query]) VALUES (5, N'All', 8, N'')
INSERT [dbo].[Filter] ([Id], [Name], [UserId], [Query]) VALUES (6, N'All', 9, N'')
INSERT [dbo].[Filter] ([Id], [Name], [UserId], [Query]) VALUES (7, N'All', 10, N'')
INSERT [dbo].[Filter] ([Id], [Name], [UserId], [Query]) VALUES (8, N'All', 11, N'')
INSERT [dbo].[Filter] ([Id], [Name], [UserId], [Query]) VALUES (9, N'All', 12, N'')
INSERT [dbo].[Filter] ([Id], [Name], [UserId], [Query]) VALUES (10, N'All', 13, N'')
SET IDENTITY_INSERT [dbo].[Filter] OFF

INSERT [dbo].[User_TemplateInstance] ([UserId], [TemplateInstanceId], [DefaultCardSettingId]) VALUES (4, 1, 1)
INSERT [dbo].[User_TemplateInstance] ([UserId], [TemplateInstanceId], [DefaultCardSettingId]) VALUES (4, 2, 1)
INSERT [dbo].[User_TemplateInstance] ([UserId], [TemplateInstanceId], [DefaultCardSettingId]) VALUES (4, 3, 1)
INSERT [dbo].[User_TemplateInstance] ([UserId], [TemplateInstanceId], [DefaultCardSettingId]) VALUES (4, 4, 1)
INSERT [dbo].[User_TemplateInstance] ([UserId], [TemplateInstanceId], [DefaultCardSettingId]) VALUES (4, 5, 1)
INSERT [dbo].[User_TemplateInstance] ([UserId], [TemplateInstanceId], [DefaultCardSettingId]) VALUES (5, 1, 1)
INSERT [dbo].[User_TemplateInstance] ([UserId], [TemplateInstanceId], [DefaultCardSettingId]) VALUES (5, 2, 1)
INSERT [dbo].[User_TemplateInstance] ([UserId], [TemplateInstanceId], [DefaultCardSettingId]) VALUES (5, 3, 1)
INSERT [dbo].[User_TemplateInstance] ([UserId], [TemplateInstanceId], [DefaultCardSettingId]) VALUES (5, 4, 1)
INSERT [dbo].[User_TemplateInstance] ([UserId], [TemplateInstanceId], [DefaultCardSettingId]) VALUES (5, 5, 1)
INSERT [dbo].[User_TemplateInstance] ([UserId], [TemplateInstanceId], [DefaultCardSettingId]) VALUES (6, 1, 1)
INSERT [dbo].[User_TemplateInstance] ([UserId], [TemplateInstanceId], [DefaultCardSettingId]) VALUES (6, 2, 1)
INSERT [dbo].[User_TemplateInstance] ([UserId], [TemplateInstanceId], [DefaultCardSettingId]) VALUES (6, 3, 1)
INSERT [dbo].[User_TemplateInstance] ([UserId], [TemplateInstanceId], [DefaultCardSettingId]) VALUES (6, 4, 1)
INSERT [dbo].[User_TemplateInstance] ([UserId], [TemplateInstanceId], [DefaultCardSettingId]) VALUES (6, 5, 1)
INSERT [dbo].[User_TemplateInstance] ([UserId], [TemplateInstanceId], [DefaultCardSettingId]) VALUES (7, 1, 1)
INSERT [dbo].[User_TemplateInstance] ([UserId], [TemplateInstanceId], [DefaultCardSettingId]) VALUES (7, 2, 1)
INSERT [dbo].[User_TemplateInstance] ([UserId], [TemplateInstanceId], [DefaultCardSettingId]) VALUES (7, 3, 1)
INSERT [dbo].[User_TemplateInstance] ([UserId], [TemplateInstanceId], [DefaultCardSettingId]) VALUES (7, 4, 1)
INSERT [dbo].[User_TemplateInstance] ([UserId], [TemplateInstanceId], [DefaultCardSettingId]) VALUES (7, 5, 1)
INSERT [dbo].[User_TemplateInstance] ([UserId], [TemplateInstanceId], [DefaultCardSettingId]) VALUES (8, 1, 1)
INSERT [dbo].[User_TemplateInstance] ([UserId], [TemplateInstanceId], [DefaultCardSettingId]) VALUES (8, 2, 1)
INSERT [dbo].[User_TemplateInstance] ([UserId], [TemplateInstanceId], [DefaultCardSettingId]) VALUES (8, 3, 1)
INSERT [dbo].[User_TemplateInstance] ([UserId], [TemplateInstanceId], [DefaultCardSettingId]) VALUES (8, 4, 1)
INSERT [dbo].[User_TemplateInstance] ([UserId], [TemplateInstanceId], [DefaultCardSettingId]) VALUES (8, 5, 1)
INSERT [dbo].[User_TemplateInstance] ([UserId], [TemplateInstanceId], [DefaultCardSettingId]) VALUES (9, 1, 1)
INSERT [dbo].[User_TemplateInstance] ([UserId], [TemplateInstanceId], [DefaultCardSettingId]) VALUES (9, 2, 1)
INSERT [dbo].[User_TemplateInstance] ([UserId], [TemplateInstanceId], [DefaultCardSettingId]) VALUES (9, 3, 1)
INSERT [dbo].[User_TemplateInstance] ([UserId], [TemplateInstanceId], [DefaultCardSettingId]) VALUES (9, 4, 1)
INSERT [dbo].[User_TemplateInstance] ([UserId], [TemplateInstanceId], [DefaultCardSettingId]) VALUES (9, 5, 1)
INSERT [dbo].[User_TemplateInstance] ([UserId], [TemplateInstanceId], [DefaultCardSettingId]) VALUES (10, 1, 1)
INSERT [dbo].[User_TemplateInstance] ([UserId], [TemplateInstanceId], [DefaultCardSettingId]) VALUES (10, 2, 1)
INSERT [dbo].[User_TemplateInstance] ([UserId], [TemplateInstanceId], [DefaultCardSettingId]) VALUES (10, 3, 1)
INSERT [dbo].[User_TemplateInstance] ([UserId], [TemplateInstanceId], [DefaultCardSettingId]) VALUES (10, 4, 1)
INSERT [dbo].[User_TemplateInstance] ([UserId], [TemplateInstanceId], [DefaultCardSettingId]) VALUES (10, 5, 1)
INSERT [dbo].[User_TemplateInstance] ([UserId], [TemplateInstanceId], [DefaultCardSettingId]) VALUES (11, 1, 1)
INSERT [dbo].[User_TemplateInstance] ([UserId], [TemplateInstanceId], [DefaultCardSettingId]) VALUES (11, 2, 1)
INSERT [dbo].[User_TemplateInstance] ([UserId], [TemplateInstanceId], [DefaultCardSettingId]) VALUES (11, 3, 1)
INSERT [dbo].[User_TemplateInstance] ([UserId], [TemplateInstanceId], [DefaultCardSettingId]) VALUES (11, 4, 1)
INSERT [dbo].[User_TemplateInstance] ([UserId], [TemplateInstanceId], [DefaultCardSettingId]) VALUES (11, 5, 1)
INSERT [dbo].[User_TemplateInstance] ([UserId], [TemplateInstanceId], [DefaultCardSettingId]) VALUES (12, 1, 1)
INSERT [dbo].[User_TemplateInstance] ([UserId], [TemplateInstanceId], [DefaultCardSettingId]) VALUES (12, 2, 1)
INSERT [dbo].[User_TemplateInstance] ([UserId], [TemplateInstanceId], [DefaultCardSettingId]) VALUES (12, 3, 1)
INSERT [dbo].[User_TemplateInstance] ([UserId], [TemplateInstanceId], [DefaultCardSettingId]) VALUES (12, 4, 1)
INSERT [dbo].[User_TemplateInstance] ([UserId], [TemplateInstanceId], [DefaultCardSettingId]) VALUES (12, 5, 1)
INSERT [dbo].[User_TemplateInstance] ([UserId], [TemplateInstanceId], [DefaultCardSettingId]) VALUES (13, 1, 1)
INSERT [dbo].[User_TemplateInstance] ([UserId], [TemplateInstanceId], [DefaultCardSettingId]) VALUES (13, 2, 1)
INSERT [dbo].[User_TemplateInstance] ([UserId], [TemplateInstanceId], [DefaultCardSettingId]) VALUES (13, 3, 1)
INSERT [dbo].[User_TemplateInstance] ([UserId], [TemplateInstanceId], [DefaultCardSettingId]) VALUES (13, 4, 1)
INSERT [dbo].[User_TemplateInstance] ([UserId], [TemplateInstanceId], [DefaultCardSettingId]) VALUES (13, 5, 1)

DBCC CHECKIDENT ('[CardInstance]', RESEED, 1000)
DBCC CHECKIDENT ('[CommunalFieldInstance]', RESEED, 1000)
DBCC CHECKIDENT ('[TemplateInstance]', RESEED, 1000)
