SET session_replication_role = 'replica';

INSERT INTO public."CardSetting" ("Id", "UserId", "Name", "NewCardsStepsInMinutes", "NewCardsMaxPerDay", "NewCardsGraduatingIntervalInDays", "NewCardsEasyIntervalInDays", "NewCardsStartingEaseFactorInPermille", "NewCardsBuryRelated", "MatureCardsMaxPerDay", "MatureCardsEaseFactorEasyBonusFactorInPermille", "MatureCardsIntervalFactorInPermille", "MatureCardsMaximumIntervalInDays", "MatureCardsHardIntervalFactorInPermille", "MatureCardsBuryRelated", "LapsedCardsStepsInMinutes", "LapsedCardsNewIntervalFactorInPermille", "LapsedCardsMinimumIntervalInDays", "LapsedCardsLeechThreshold", "ShowAnswerTimer", "AutomaticallyPlayAudio", "ReplayQuestionAudioOnAnswer") VALUES (4, 25, 'Default', '1 10', 20, 1, 4, 2500, true, 200, 1300, 1000, 32767, 1200, true, '10', 0, 1, 8, false, false, false);
INSERT INTO public."CardSetting" ("Id", "UserId", "Name", "NewCardsStepsInMinutes", "NewCardsMaxPerDay", "NewCardsGraduatingIntervalInDays", "NewCardsEasyIntervalInDays", "NewCardsStartingEaseFactorInPermille", "NewCardsBuryRelated", "MatureCardsMaxPerDay", "MatureCardsEaseFactorEasyBonusFactorInPermille", "MatureCardsIntervalFactorInPermille", "MatureCardsMaximumIntervalInDays", "MatureCardsHardIntervalFactorInPermille", "MatureCardsBuryRelated", "LapsedCardsStepsInMinutes", "LapsedCardsNewIntervalFactorInPermille", "LapsedCardsMinimumIntervalInDays", "LapsedCardsLeechThreshold", "ShowAnswerTimer", "AutomaticallyPlayAudio", "ReplayQuestionAudioOnAnswer") VALUES (5, 26, 'Default', '1 10', 20, 1, 4, 2500, true, 200, 1300, 1000, 32767, 1200, true, '10', 0, 1, 8, false, false, false);
INSERT INTO public."CardSetting" ("Id", "UserId", "Name", "NewCardsStepsInMinutes", "NewCardsMaxPerDay", "NewCardsGraduatingIntervalInDays", "NewCardsEasyIntervalInDays", "NewCardsStartingEaseFactorInPermille", "NewCardsBuryRelated", "MatureCardsMaxPerDay", "MatureCardsEaseFactorEasyBonusFactorInPermille", "MatureCardsIntervalFactorInPermille", "MatureCardsMaximumIntervalInDays", "MatureCardsHardIntervalFactorInPermille", "MatureCardsBuryRelated", "LapsedCardsStepsInMinutes", "LapsedCardsNewIntervalFactorInPermille", "LapsedCardsMinimumIntervalInDays", "LapsedCardsLeechThreshold", "ShowAnswerTimer", "AutomaticallyPlayAudio", "ReplayQuestionAudioOnAnswer") VALUES (6, 27, 'Default', '1 10', 20, 1, 4, 2500, true, 200, 1300, 1000, 32767, 1200, true, '10', 0, 1, 8, false, false, false);
INSERT INTO public."CardSetting" ("Id", "UserId", "Name", "NewCardsStepsInMinutes", "NewCardsMaxPerDay", "NewCardsGraduatingIntervalInDays", "NewCardsEasyIntervalInDays", "NewCardsStartingEaseFactorInPermille", "NewCardsBuryRelated", "MatureCardsMaxPerDay", "MatureCardsEaseFactorEasyBonusFactorInPermille", "MatureCardsIntervalFactorInPermille", "MatureCardsMaximumIntervalInDays", "MatureCardsHardIntervalFactorInPermille", "MatureCardsBuryRelated", "LapsedCardsStepsInMinutes", "LapsedCardsNewIntervalFactorInPermille", "LapsedCardsMinimumIntervalInDays", "LapsedCardsLeechThreshold", "ShowAnswerTimer", "AutomaticallyPlayAudio", "ReplayQuestionAudioOnAnswer") VALUES (7, 28, 'Default', '1 10', 20, 1, 4, 2500, true, 200, 1300, 1000, 32767, 1200, true, '10', 0, 1, 8, false, false, false);
INSERT INTO public."CardSetting" ("Id", "UserId", "Name", "NewCardsStepsInMinutes", "NewCardsMaxPerDay", "NewCardsGraduatingIntervalInDays", "NewCardsEasyIntervalInDays", "NewCardsStartingEaseFactorInPermille", "NewCardsBuryRelated", "MatureCardsMaxPerDay", "MatureCardsEaseFactorEasyBonusFactorInPermille", "MatureCardsIntervalFactorInPermille", "MatureCardsMaximumIntervalInDays", "MatureCardsHardIntervalFactorInPermille", "MatureCardsBuryRelated", "LapsedCardsStepsInMinutes", "LapsedCardsNewIntervalFactorInPermille", "LapsedCardsMinimumIntervalInDays", "LapsedCardsLeechThreshold", "ShowAnswerTimer", "AutomaticallyPlayAudio", "ReplayQuestionAudioOnAnswer") VALUES (8, 29, 'Default', '1 10', 20, 1, 4, 2500, true, 200, 1300, 1000, 32767, 1200, true, '10', 0, 1, 8, false, false, false);
INSERT INTO public."CardSetting" ("Id", "UserId", "Name", "NewCardsStepsInMinutes", "NewCardsMaxPerDay", "NewCardsGraduatingIntervalInDays", "NewCardsEasyIntervalInDays", "NewCardsStartingEaseFactorInPermille", "NewCardsBuryRelated", "MatureCardsMaxPerDay", "MatureCardsEaseFactorEasyBonusFactorInPermille", "MatureCardsIntervalFactorInPermille", "MatureCardsMaximumIntervalInDays", "MatureCardsHardIntervalFactorInPermille", "MatureCardsBuryRelated", "LapsedCardsStepsInMinutes", "LapsedCardsNewIntervalFactorInPermille", "LapsedCardsMinimumIntervalInDays", "LapsedCardsLeechThreshold", "ShowAnswerTimer", "AutomaticallyPlayAudio", "ReplayQuestionAudioOnAnswer") VALUES (9, 30, 'Default', '1 10', 20, 1, 4, 2500, true, 200, 1300, 1000, 32767, 1200, true, '10', 0, 1, 8, false, false, false);
INSERT INTO public."CardSetting" ("Id", "UserId", "Name", "NewCardsStepsInMinutes", "NewCardsMaxPerDay", "NewCardsGraduatingIntervalInDays", "NewCardsEasyIntervalInDays", "NewCardsStartingEaseFactorInPermille", "NewCardsBuryRelated", "MatureCardsMaxPerDay", "MatureCardsEaseFactorEasyBonusFactorInPermille", "MatureCardsIntervalFactorInPermille", "MatureCardsMaximumIntervalInDays", "MatureCardsHardIntervalFactorInPermille", "MatureCardsBuryRelated", "LapsedCardsStepsInMinutes", "LapsedCardsNewIntervalFactorInPermille", "LapsedCardsMinimumIntervalInDays", "LapsedCardsLeechThreshold", "ShowAnswerTimer", "AutomaticallyPlayAudio", "ReplayQuestionAudioOnAnswer") VALUES (10, 31, 'Default', '1 10', 20, 1, 4, 2500, true, 200, 1300, 1000, 32767, 1200, true, '10', 0, 1, 8, false, false, false);
INSERT INTO public."CardSetting" ("Id", "UserId", "Name", "NewCardsStepsInMinutes", "NewCardsMaxPerDay", "NewCardsGraduatingIntervalInDays", "NewCardsEasyIntervalInDays", "NewCardsStartingEaseFactorInPermille", "NewCardsBuryRelated", "MatureCardsMaxPerDay", "MatureCardsEaseFactorEasyBonusFactorInPermille", "MatureCardsIntervalFactorInPermille", "MatureCardsMaximumIntervalInDays", "MatureCardsHardIntervalFactorInPermille", "MatureCardsBuryRelated", "LapsedCardsStepsInMinutes", "LapsedCardsNewIntervalFactorInPermille", "LapsedCardsMinimumIntervalInDays", "LapsedCardsLeechThreshold", "ShowAnswerTimer", "AutomaticallyPlayAudio", "ReplayQuestionAudioOnAnswer") VALUES (11, 32, 'Default', '1 10', 20, 1, 4, 2500, true, 200, 1300, 1000, 32767, 1200, true, '10', 0, 1, 8, false, false, false);
INSERT INTO public."CardSetting" ("Id", "UserId", "Name", "NewCardsStepsInMinutes", "NewCardsMaxPerDay", "NewCardsGraduatingIntervalInDays", "NewCardsEasyIntervalInDays", "NewCardsStartingEaseFactorInPermille", "NewCardsBuryRelated", "MatureCardsMaxPerDay", "MatureCardsEaseFactorEasyBonusFactorInPermille", "MatureCardsIntervalFactorInPermille", "MatureCardsMaximumIntervalInDays", "MatureCardsHardIntervalFactorInPermille", "MatureCardsBuryRelated", "LapsedCardsStepsInMinutes", "LapsedCardsNewIntervalFactorInPermille", "LapsedCardsMinimumIntervalInDays", "LapsedCardsLeechThreshold", "ShowAnswerTimer", "AutomaticallyPlayAudio", "ReplayQuestionAudioOnAnswer") VALUES (12, 33, 'Default', '1 10', 20, 1, 4, 2500, true, 200, 1300, 1000, 32767, 1200, true, '10', 0, 1, 8, false, false, false);
INSERT INTO public."CardSetting" ("Id", "UserId", "Name", "NewCardsStepsInMinutes", "NewCardsMaxPerDay", "NewCardsGraduatingIntervalInDays", "NewCardsEasyIntervalInDays", "NewCardsStartingEaseFactorInPermille", "NewCardsBuryRelated", "MatureCardsMaxPerDay", "MatureCardsEaseFactorEasyBonusFactorInPermille", "MatureCardsIntervalFactorInPermille", "MatureCardsMaximumIntervalInDays", "MatureCardsHardIntervalFactorInPermille", "MatureCardsBuryRelated", "LapsedCardsStepsInMinutes", "LapsedCardsNewIntervalFactorInPermille", "LapsedCardsMinimumIntervalInDays", "LapsedCardsLeechThreshold", "ShowAnswerTimer", "AutomaticallyPlayAudio", "ReplayQuestionAudioOnAnswer") VALUES (13, 34, 'Default', '1 10', 20, 1, 4, 2500, true, 200, 1300, 1000, 32767, 1200, true, '10', 0, 1, 8, false, false, false);

INSERT INTO public."Filter" ("Id", "Name", "UserId", "Query") VALUES (1, 'All', 25, '');
INSERT INTO public."Filter" ("Id", "Name", "UserId", "Query") VALUES (2, 'All', 26, '');
INSERT INTO public."Filter" ("Id", "Name", "UserId", "Query") VALUES (3, 'All', 27, '');
INSERT INTO public."Filter" ("Id", "Name", "UserId", "Query") VALUES (4, 'All', 28, '');
INSERT INTO public."Filter" ("Id", "Name", "UserId", "Query") VALUES (5, 'All', 29, '');
INSERT INTO public."Filter" ("Id", "Name", "UserId", "Query") VALUES (6, 'All', 30, '');
INSERT INTO public."Filter" ("Id", "Name", "UserId", "Query") VALUES (7, 'All', 31, '');
INSERT INTO public."Filter" ("Id", "Name", "UserId", "Query") VALUES (8, 'All', 32, '');
INSERT INTO public."Filter" ("Id", "Name", "UserId", "Query") VALUES (9, 'All', 33, '');
INSERT INTO public."Filter" ("Id", "Name", "UserId", "Query") VALUES (10, 'All', 34, '');

INSERT INTO public."User" ("Id", "DisplayName", "DefaultCardSettingId", "ShowNextReviewTime", "ShowRemainingCardCount", "MixNewAndReview", "NextDayStartsAtXHoursPastMidnight", "LearnAheadLimitInMinutes", "TimeboxTimeLimitInMinutes", "IsNightMode") VALUES (25, 'Alex', 4, false, false, 0, 0, 0, 0, false);
INSERT INTO public."User" ("Id", "DisplayName", "DefaultCardSettingId", "ShowNextReviewTime", "ShowRemainingCardCount", "MixNewAndReview", "NextDayStartsAtXHoursPastMidnight", "LearnAheadLimitInMinutes", "TimeboxTimeLimitInMinutes", "IsNightMode") VALUES (26, 'Alison', 5, false, false, 0, 0, 0, 0, false);
INSERT INTO public."User" ("Id", "DisplayName", "DefaultCardSettingId", "ShowNextReviewTime", "ShowRemainingCardCount", "MixNewAndReview", "NextDayStartsAtXHoursPastMidnight", "LearnAheadLimitInMinutes", "TimeboxTimeLimitInMinutes", "IsNightMode") VALUES (27, 'Nina', 6, false, false, 0, 0, 0, 0, false);
INSERT INTO public."User" ("Id", "DisplayName", "DefaultCardSettingId", "ShowNextReviewTime", "ShowRemainingCardCount", "MixNewAndReview", "NextDayStartsAtXHoursPastMidnight", "LearnAheadLimitInMinutes", "TimeboxTimeLimitInMinutes", "IsNightMode") VALUES (28, 'Mark', 7, false, false, 0, 0, 0, 0, false);
INSERT INTO public."User" ("Id", "DisplayName", "DefaultCardSettingId", "ShowNextReviewTime", "ShowRemainingCardCount", "MixNewAndReview", "NextDayStartsAtXHoursPastMidnight", "LearnAheadLimitInMinutes", "TimeboxTimeLimitInMinutes", "IsNightMode") VALUES (29, 'Caren', 8, false, false, 0, 0, 0, 0, false);
INSERT INTO public."User" ("Id", "DisplayName", "DefaultCardSettingId", "ShowNextReviewTime", "ShowRemainingCardCount", "MixNewAndReview", "NextDayStartsAtXHoursPastMidnight", "LearnAheadLimitInMinutes", "TimeboxTimeLimitInMinutes", "IsNightMode") VALUES (30, 'Christine', 9, false, false, 0, 0, 0, 0, false);
INSERT INTO public."User" ("Id", "DisplayName", "DefaultCardSettingId", "ShowNextReviewTime", "ShowRemainingCardCount", "MixNewAndReview", "NextDayStartsAtXHoursPastMidnight", "LearnAheadLimitInMinutes", "TimeboxTimeLimitInMinutes", "IsNightMode") VALUES (31, 'Lucas', 10, false, false, 0, 0, 0, 0, false);
INSERT INTO public."User" ("Id", "DisplayName", "DefaultCardSettingId", "ShowNextReviewTime", "ShowRemainingCardCount", "MixNewAndReview", "NextDayStartsAtXHoursPastMidnight", "LearnAheadLimitInMinutes", "TimeboxTimeLimitInMinutes", "IsNightMode") VALUES (32, 'Mattics', 11, false, false, 0, 0, 0, 0, false);
INSERT INTO public."User" ("Id", "DisplayName", "DefaultCardSettingId", "ShowNextReviewTime", "ShowRemainingCardCount", "MixNewAndReview", "NextDayStartsAtXHoursPastMidnight", "LearnAheadLimitInMinutes", "TimeboxTimeLimitInMinutes", "IsNightMode") VALUES (33, 'Dustin', 12, false, false, 0, 0, 0, 0, false);
INSERT INTO public."User" ("Id", "DisplayName", "DefaultCardSettingId", "ShowNextReviewTime", "ShowRemainingCardCount", "MixNewAndReview", "NextDayStartsAtXHoursPastMidnight", "LearnAheadLimitInMinutes", "TimeboxTimeLimitInMinutes", "IsNightMode") VALUES (34, 'Steve', 13, false, false, 0, 0, 0, 0, false);

INSERT INTO public."User_CollateInstance" ("UserId", "CollateInstanceId", "DefaultCardSettingId") VALUES (25, 1, 4);
INSERT INTO public."User_CollateInstance" ("UserId", "CollateInstanceId", "DefaultCardSettingId") VALUES (25, 2, 4);
INSERT INTO public."User_CollateInstance" ("UserId", "CollateInstanceId", "DefaultCardSettingId") VALUES (25, 3, 4);
INSERT INTO public."User_CollateInstance" ("UserId", "CollateInstanceId", "DefaultCardSettingId") VALUES (25, 4, 4);
INSERT INTO public."User_CollateInstance" ("UserId", "CollateInstanceId", "DefaultCardSettingId") VALUES (25, 5, 4);
INSERT INTO public."User_CollateInstance" ("UserId", "CollateInstanceId", "DefaultCardSettingId") VALUES (25, 6, 4);
INSERT INTO public."User_CollateInstance" ("UserId", "CollateInstanceId", "DefaultCardSettingId") VALUES (25, 7, 4);
INSERT INTO public."User_CollateInstance" ("UserId", "CollateInstanceId", "DefaultCardSettingId") VALUES (26, 1, 5);
INSERT INTO public."User_CollateInstance" ("UserId", "CollateInstanceId", "DefaultCardSettingId") VALUES (26, 2, 5);
INSERT INTO public."User_CollateInstance" ("UserId", "CollateInstanceId", "DefaultCardSettingId") VALUES (26, 3, 5);
INSERT INTO public."User_CollateInstance" ("UserId", "CollateInstanceId", "DefaultCardSettingId") VALUES (26, 4, 5);
INSERT INTO public."User_CollateInstance" ("UserId", "CollateInstanceId", "DefaultCardSettingId") VALUES (26, 5, 5);
INSERT INTO public."User_CollateInstance" ("UserId", "CollateInstanceId", "DefaultCardSettingId") VALUES (26, 6, 5);
INSERT INTO public."User_CollateInstance" ("UserId", "CollateInstanceId", "DefaultCardSettingId") VALUES (26, 7, 5);
INSERT INTO public."User_CollateInstance" ("UserId", "CollateInstanceId", "DefaultCardSettingId") VALUES (27, 1, 6);
INSERT INTO public."User_CollateInstance" ("UserId", "CollateInstanceId", "DefaultCardSettingId") VALUES (27, 2, 6);
INSERT INTO public."User_CollateInstance" ("UserId", "CollateInstanceId", "DefaultCardSettingId") VALUES (27, 3, 6);
INSERT INTO public."User_CollateInstance" ("UserId", "CollateInstanceId", "DefaultCardSettingId") VALUES (27, 4, 6);
INSERT INTO public."User_CollateInstance" ("UserId", "CollateInstanceId", "DefaultCardSettingId") VALUES (27, 5, 6);
INSERT INTO public."User_CollateInstance" ("UserId", "CollateInstanceId", "DefaultCardSettingId") VALUES (27, 6, 6);
INSERT INTO public."User_CollateInstance" ("UserId", "CollateInstanceId", "DefaultCardSettingId") VALUES (27, 7, 6);
INSERT INTO public."User_CollateInstance" ("UserId", "CollateInstanceId", "DefaultCardSettingId") VALUES (28, 1, 7);
INSERT INTO public."User_CollateInstance" ("UserId", "CollateInstanceId", "DefaultCardSettingId") VALUES (28, 2, 7);
INSERT INTO public."User_CollateInstance" ("UserId", "CollateInstanceId", "DefaultCardSettingId") VALUES (28, 3, 7);
INSERT INTO public."User_CollateInstance" ("UserId", "CollateInstanceId", "DefaultCardSettingId") VALUES (28, 4, 7);
INSERT INTO public."User_CollateInstance" ("UserId", "CollateInstanceId", "DefaultCardSettingId") VALUES (28, 5, 7);
INSERT INTO public."User_CollateInstance" ("UserId", "CollateInstanceId", "DefaultCardSettingId") VALUES (28, 6, 7);
INSERT INTO public."User_CollateInstance" ("UserId", "CollateInstanceId", "DefaultCardSettingId") VALUES (28, 7, 7);
INSERT INTO public."User_CollateInstance" ("UserId", "CollateInstanceId", "DefaultCardSettingId") VALUES (29, 1, 8);
INSERT INTO public."User_CollateInstance" ("UserId", "CollateInstanceId", "DefaultCardSettingId") VALUES (29, 2, 8);
INSERT INTO public."User_CollateInstance" ("UserId", "CollateInstanceId", "DefaultCardSettingId") VALUES (29, 3, 8);
INSERT INTO public."User_CollateInstance" ("UserId", "CollateInstanceId", "DefaultCardSettingId") VALUES (29, 4, 8);
INSERT INTO public."User_CollateInstance" ("UserId", "CollateInstanceId", "DefaultCardSettingId") VALUES (29, 5, 8);
INSERT INTO public."User_CollateInstance" ("UserId", "CollateInstanceId", "DefaultCardSettingId") VALUES (29, 6, 8);
INSERT INTO public."User_CollateInstance" ("UserId", "CollateInstanceId", "DefaultCardSettingId") VALUES (29, 7, 8);
INSERT INTO public."User_CollateInstance" ("UserId", "CollateInstanceId", "DefaultCardSettingId") VALUES (30, 1, 9);
INSERT INTO public."User_CollateInstance" ("UserId", "CollateInstanceId", "DefaultCardSettingId") VALUES (30, 2, 9);
INSERT INTO public."User_CollateInstance" ("UserId", "CollateInstanceId", "DefaultCardSettingId") VALUES (30, 3, 9);
INSERT INTO public."User_CollateInstance" ("UserId", "CollateInstanceId", "DefaultCardSettingId") VALUES (30, 4, 9);
INSERT INTO public."User_CollateInstance" ("UserId", "CollateInstanceId", "DefaultCardSettingId") VALUES (30, 5, 9);
INSERT INTO public."User_CollateInstance" ("UserId", "CollateInstanceId", "DefaultCardSettingId") VALUES (30, 6, 9);
INSERT INTO public."User_CollateInstance" ("UserId", "CollateInstanceId", "DefaultCardSettingId") VALUES (30, 7, 9);
INSERT INTO public."User_CollateInstance" ("UserId", "CollateInstanceId", "DefaultCardSettingId") VALUES (31, 1, 10);
INSERT INTO public."User_CollateInstance" ("UserId", "CollateInstanceId", "DefaultCardSettingId") VALUES (31, 2, 10);
INSERT INTO public."User_CollateInstance" ("UserId", "CollateInstanceId", "DefaultCardSettingId") VALUES (31, 3, 10);
INSERT INTO public."User_CollateInstance" ("UserId", "CollateInstanceId", "DefaultCardSettingId") VALUES (31, 4, 10);
INSERT INTO public."User_CollateInstance" ("UserId", "CollateInstanceId", "DefaultCardSettingId") VALUES (31, 5, 10);
INSERT INTO public."User_CollateInstance" ("UserId", "CollateInstanceId", "DefaultCardSettingId") VALUES (31, 6, 10);
INSERT INTO public."User_CollateInstance" ("UserId", "CollateInstanceId", "DefaultCardSettingId") VALUES (31, 7, 10);
INSERT INTO public."User_CollateInstance" ("UserId", "CollateInstanceId", "DefaultCardSettingId") VALUES (32, 1, 11);
INSERT INTO public."User_CollateInstance" ("UserId", "CollateInstanceId", "DefaultCardSettingId") VALUES (32, 2, 11);
INSERT INTO public."User_CollateInstance" ("UserId", "CollateInstanceId", "DefaultCardSettingId") VALUES (32, 3, 11);
INSERT INTO public."User_CollateInstance" ("UserId", "CollateInstanceId", "DefaultCardSettingId") VALUES (32, 4, 11);
INSERT INTO public."User_CollateInstance" ("UserId", "CollateInstanceId", "DefaultCardSettingId") VALUES (32, 5, 11);
INSERT INTO public."User_CollateInstance" ("UserId", "CollateInstanceId", "DefaultCardSettingId") VALUES (32, 6, 11);
INSERT INTO public."User_CollateInstance" ("UserId", "CollateInstanceId", "DefaultCardSettingId") VALUES (32, 7, 11);
INSERT INTO public."User_CollateInstance" ("UserId", "CollateInstanceId", "DefaultCardSettingId") VALUES (33, 1, 12);
INSERT INTO public."User_CollateInstance" ("UserId", "CollateInstanceId", "DefaultCardSettingId") VALUES (33, 2, 12);
INSERT INTO public."User_CollateInstance" ("UserId", "CollateInstanceId", "DefaultCardSettingId") VALUES (33, 3, 12);
INSERT INTO public."User_CollateInstance" ("UserId", "CollateInstanceId", "DefaultCardSettingId") VALUES (33, 4, 12);
INSERT INTO public."User_CollateInstance" ("UserId", "CollateInstanceId", "DefaultCardSettingId") VALUES (33, 5, 12);
INSERT INTO public."User_CollateInstance" ("UserId", "CollateInstanceId", "DefaultCardSettingId") VALUES (33, 6, 12);
INSERT INTO public."User_CollateInstance" ("UserId", "CollateInstanceId", "DefaultCardSettingId") VALUES (33, 7, 12);
INSERT INTO public."User_CollateInstance" ("UserId", "CollateInstanceId", "DefaultCardSettingId") VALUES (34, 1, 13);
INSERT INTO public."User_CollateInstance" ("UserId", "CollateInstanceId", "DefaultCardSettingId") VALUES (34, 2, 13);
INSERT INTO public."User_CollateInstance" ("UserId", "CollateInstanceId", "DefaultCardSettingId") VALUES (34, 3, 13);
INSERT INTO public."User_CollateInstance" ("UserId", "CollateInstanceId", "DefaultCardSettingId") VALUES (34, 4, 13);
INSERT INTO public."User_CollateInstance" ("UserId", "CollateInstanceId", "DefaultCardSettingId") VALUES (34, 5, 13);
INSERT INTO public."User_CollateInstance" ("UserId", "CollateInstanceId", "DefaultCardSettingId") VALUES (34, 6, 13);
INSERT INTO public."User_CollateInstance" ("UserId", "CollateInstanceId", "DefaultCardSettingId") VALUES (34, 7, 13);

SELECT pg_catalog.setval('public."CardSetting_Id_seq"', 40, false);
SELECT pg_catalog.setval('public."User_Id_seq"', 40, false);
SELECT pg_catalog.setval('public."Filter_Id_seq"', 40, false);

SET session_replication_role = 'origin';
